index,latency_us,convert_us,run_us,argmax_us,snr_db,label,pred,correct
0,851,2.3,847.4,0.2,16,4,4,1
1,808.6,2.7,804.9,0.2,-6,11,15,0
2,817.8,2,815,0.1,26,22,22,1
3,772.7,1.8,769.9,0.2,30,8,8,1
4,766.3,2.1,763.3,0.2,26,4,4,1
5,776.8,1.8,774.2,0.1,-10,4,21,0
6,758,2,755.2,0.1,2,15,16,0
7,765.7,2.1,762.7,0.1,-10,1,18,0
8,767.6,1.7,765.1,0.1,-14,4,20,0
9,753.2,1.9,750.5,0.2,26,5,5,1
10,785.7,1.9,782.8,0.1,-2,12,11,0
11,747,2.1,744.1,0.1,-14,22,15,0
12,758,1.8,755.3,0.1,-14,16,15,0
13,741.4,1.9,738.6,0.1,-12,11,15,0
14,737.3,1.9,734.7,0.1,22,10,10,1
15,745.8,1.7,743.3,0.1,22,23,23,1
16,737.3,1.7,734.9,0.1,22,17,17,1
17,1123.5,2.3,1118.3,0.4,10,14,16,0
18,1557.5,3.9,1552,0.1,-2,23,9,0
19,834.1,2.2,830.9,0.1,-14,0,18,0
20,763.5,2,760.5,0.1,26,22,22,1
21,713.1,1.8,710.5,0.1,4,19,19,1
22,706.3,1.6,703.9,0.1,12,12,12,1
23,717.6,1.6,715.1,0.1,-14,7,15,0
24,702.1,1.6,699.6,0.1,-20,1,7,0
25,741.5,1.5,739,0.1,8,15,16,0
26,767.9,1.9,765.1,0.2,26,7,7,1
27,724.5,1.6,722,0.1,-12,19,20,0
28,701.2,2.1,698.2,0.1,-12,22,21,0
29,688.1,1.6,685.7,0.1,0,8,8,1
30,731.7,1.5,729.2,0.1,-14,23,15,0
31,698,1.9,695.2,0.1,2,7,6,0
32,683.9,1.5,681.6,0.1,6,5,5,1
33,681.4,1.5,679.1,0.2,-12,3,21,0
34,688.3,1.5,686,0.1,8,16,16,1
35,804.8,1.6,802.1,0.1,-20,0,4,0
36,707.3,2,704.6,0.1,-12,14,10,0
37,694.1,1.6,691.7,0.2,2,11,15,0
38,684.3,1.8,681.7,0.1,-12,19,12,0
39,694.5,1.5,692.2,0.1,18,12,12,1
40,682.9,1.7,680.5,0.1,14,20,20,1
41,682.3,1.7,679.7,0.1,22,18,17,0
42,691.5,1.3,689.2,0.1,-14,7,15,0
43,684.1,1.5,681.6,0.1,-12,8,18,0
44,686.6,1.4,684.5,0.1,-10,6,15,0
45,742,1.9,739.3,0.1,-18,0,15,0
46,691.6,1.5,689.4,0.1,20,9,9,1
47,686.5,1.4,684.3,0.2,-12,3,15,0
48,690.8,2.4,687.5,0.1,-10,13,12,0
49,682.5,2.2,679.4,0.1,24,4,4,1
50,684.7,2.2,681.7,0.1,4,21,21,1
51,704.1,2.2,701,0.1,28,22,22,1
52,691.8,2.6,688.4,0.1,26,19,19,1
53,682.6,2.2,679.5,0.1,20,17,17,1
54,691.1,2.2,687.9,0.1,-2,0,0,1
55,736,2.1,733.1,0.1,22,0,0,1
56,702.5,2.6,699.1,0.1,20,15,15,1
57,751.6,2.3,748.5,0.1,-4,15,16,0
58,753.6,2.1,750.5,0.1,0,23,23,1
59,730.4,2.2,727.4,0.1,-6,6,4,0
60,796,2.2,793,0.1,12,4,4,1
61,732.1,1.4,729.7,0.1,4,22,22,1
62,735.4,1.7,732.7,0.1,-18,20,18,0
63,705,1.6,702.6,0.1,-6,20,19,0
64,713.8,1.6,711.2,0.2,18,7,7,1
65,692,1.6,689.7,0.1,0,18,18,1
66,690.9,1.6,688.5,0.1,-6,0,0,1
67,686.5,1.6,684.1,0.1,22,16,16,1
68,680.9,1.7,678.3,0.1,14,17,17,1
69,681.3,1.5,679.1,0.2,6,13,15,0
70,687.8,1.6,685.4,0.1,12,13,13,1
71,697.9,1.7,695.4,0.1,2,15,9,0
72,687.5,1.6,685,0.1,26,23,23,1
73,682.5,1.7,680,0.1,-6,1,17,0
74,731.6,1.4,729.5,0.2,2,14,14,1
75,746.7,2.7,743.1,0.1,10,1,1,1
76,690.5,2.3,687.5,0.2,-12,18,18,1
77,725.4,2.2,722.3,0.1,12,6,6,1
78,702.5,2.3,699.3,0.1,16,20,19,0
79,772.1,1.5,769.8,0.1,2,4,4,1
80,733.1,1.8,730.5,0.1,22,10,10,1
81,691,1.5,688.7,0.1,-8,7,21,0
82,691.5,1.9,688.7,0,-14,22,21,0
83,694.7,1.3,692.4,0.1,-16,10,12,0
84,707.5,1.9,704.9,0.1,-20,22,15,0
85,688.7,1.6,686.4,0.1,14,3,3,1
86,691.7,1.6,689.3,0.2,-4,14,16,0
87,682.3,1.5,680,0.1,26,16,16,1
88,687.9,1.5,685.6,0.2,10,11,11,1
89,680.6,1.5,678.3,0.1,-18,23,15,0
90,680.6,1.5,678.4,0.1,8,16,14,0
91,687,1.5,684.6,0.1,-12,16,15,0
92,682.1,1.4,680,0.1,18,18,18,1
93,688.7,1.5,686.3,0.1,-4,0,0,1
94,743.8,1.5,741.5,0.1,-14,15,17,0
95,1163,1.8,1159.3,0.3,-10,4,7,0
96,1035.3,3.2,1031.3,0.1,-4,6,15,0
97,814.8,2.5,811.4,0.1,12,9,9,1
98,778.2,2.2,775.2,0.1,6,12,12,1
99,772.7,2,769.7,0.2,14,22,22,1
100,770,1.6,767.5,0.1,0,21,21,1
101,758,2,755,0.2,16,13,13,1
102,779.4,1.8,776.8,0.1,24,17,17,1
103,752.4,1.9,749.7,0.1,16,2,2,1
104,768.6,1.9,765.8,0.1,12,3,3,1
105,761.6,1.8,758.9,0.1,30,10,10,1
106,747.2,1.7,744.7,0.1,0,0,0,1
107,754.5,1.6,751.9,0.1,18,23,23,1
108,742.6,1.8,740,0.1,6,13,13,1
109,740.8,1.7,738.3,0.1,6,17,17,1
110,768.1,1.7,765.6,0.1,20,21,21,1
111,767.8,1.8,765.2,0.1,14,20,20,1
112,896.6,1.8,894,0.1,2,6,7,0
113,794.3,2.4,791.1,0.1,-14,16,15,0
114,745.1,1.8,742.5,0.1,16,15,15,1
115,750.5,1.6,747.8,0.2,-2,9,9,1
116,737.5,1.8,735,0.1,18,19,19,1
117,738.6,1.6,736.2,0.1,0,13,16,0
118,741.5,1.6,739,0.1,28,1,1,1
119,734.2,1.8,731.6,0.1,-12,23,10,0
120,746.9,1.7,744.5,0.1,28,4,4,1
121,754.6,1.5,752.1,0.1,6,9,9,1
122,727.1,1.6,724.7,0.1,4,10,11,0
123,735.4,1.8,732.8,0.1,18,22,22,1
124,727.5,1.5,725.1,0.1,-4,2,17,0
125,724.3,1.6,721.8,0.1,-16,10,10,1
126,731.9,1.6,729.4,0.1,-10,20,20,1
127,722.8,1.7,720.3,0.1,26,0,0,1
128,802.5,1.7,800,0.1,-10,7,15,0
129,816.4,2.2,813.3,0.2,0,22,22,1
130,1174.3,2.4,1168.7,0.4,-10,16,12,0
131,1923.5,4.3,1917,0.3,22,13,13,1
132,1157.1,3.4,1152.3,0.1,0,20,20,1
133,913,3.2,908.9,0.1,-4,8,23,0
134,754.7,2.8,751,0.2,4,2,2,1
135,750.2,1.7,747.7,0.1,24,21,21,1
136,827.3,1.6,824.8,0.1,26,7,7,1
137,774.2,2.1,771.3,0.2,2,5,5,1
138,774.6,1.7,771.9,0.1,4,3,3,1
139,775.3,2.3,772.1,0.1,-16,14,15,0
140,772.3,2,769.4,0.1,-8,11,15,0
141,774.4,1.6,772,0.2,12,9,9,1
142,767.8,2.2,764.6,0.1,0,0,0,1
143,794.4,2.1,791.5,0.1,-14,19,19,1
144,780.8,1.9,777.7,0.1,14,18,17,0
145,792.8,1.9,789.7,0.1,0,20,20,1
146,876.2,2.8,872.3,0.2,8,19,19,1
147,796.3,2.3,792.9,0.1,26,15,15,1
148,773.4,1.8,770.6,0.1,12,14,14,1
149,772.4,1.8,769.7,0.1,20,12,12,1
150,777.3,1.8,774.5,0.1,-2,2,2,1
151,768.2,2,765.5,0.1,-10,12,15,0
152,758.9,2.3,755.9,0.1,12,7,7,1
153,758.4,2,755.4,0.1,-6,15,15,1
154,754.7,1.8,752.1,0.1,10,6,6,1
155,758.1,1.5,755.7,0.1,-10,18,2,0
156,746.2,1.7,743.7,0.2,10,0,0,1
157,741.9,1.9,739.3,0.2,10,9,9,1
158,749.4,1.6,746.8,0.1,-10,22,21,0
159,740.7,1.6,738.2,0.1,30,10,10,1
160,738.7,1.6,736.3,0.1,-6,20,19,0
161,744.1,1.6,741.5,0.2,-20,17,6,0
162,736.6,1.5,734.2,0.2,-8,7,12,0
163,758.9,1.5,756.4,0.1,28,14,14,1
164,735.2,1.6,732.8,0.1,20,21,21,1
165,734.3,1.5,732,0.1,-18,8,15,0
166,739.6,1.5,737.2,0.2,-14,16,15,0
167,733.4,1.5,731.1,0.2,2,5,5,1
168,730.9,1.7,728.5,0.1,20,1,1,1
169,738.5,1.5,736.2,0.1,18,3,3,1
170,730.2,1.6,727.8,0.2,20,1,1,1
171,835.4,1.6,832.5,0.1,14,3,3,1
172,724.4,2,721.5,0.1,18,10,10,1
173,701,1.6,698.5,0.1,14,13,13,1
174,687.9,1.6,685.4,0.1,-4,9,11,0
175,681.9,1.5,679.6,0.1,-20,17,21,0
176,690.5,1.5,688.1,0.1,-14,9,15,0
177,681.7,1.6,679.4,0.1,0,8,12,0
178,680.6,1.7,678.1,0.1,-12,17,15,0
179,685.7,1.6,683.2,0.1,-20,4,15,0
180,681.7,1.5,679.3,0.2,-20,23,15,0
181,689.1,1.4,686.8,0.1,-6,17,1,0
182,886.1,1.5,883.1,0.1,-16,0,12,0
183,850.4,2.5,846.9,0.1,-2,20,19,0
184,841.2,2.7,837.5,0.1,4,8,8,1
185,740.6,2.4,737.3,0.1,-12,9,19,0
186,736.7,1.6,734.3,0.1,6,6,6,1
187,762.1,1.6,758.9,0.2,-20,5,15,0
188,751.5,2.5,748.2,0.1,4,23,23,1
189,744.1,1.6,741.5,0.1,30,15,15,1
190,732,1.5,729.5,0.2,0,17,17,1
191,745.1,1.5,742.6,0.1,16,2,2,1
192,742.9,1.6,740.5,0.1,-4,22,4,0
193,733.2,1.9,730.4,0.1,-10,7,3,0
194,740.8,1.6,738.3,0.1,4,2,2,1
195,727.5,1.7,725,0.1,28,4,4,1
196,730,1.8,727.2,0.1,20,19,19,1
197,735.1,1.7,732.4,0.1,8,15,13,0
198,725,1.9,722.3,0.2,24,0,0,1
199,724.5,1.6,722,0.1,22,15,15,1
200,912.8,1.6,908.6,0.3,8,8,8,1
201,1881.9,3.5,1876.1,0.3,10,20,19,0
202,1735.6,4.5,1729,0.4,4,22,22,1
203,1485.7,3.6,1480.5,0.2,6,15,14,0
204,1168.7,2.8,1164.6,0.2,-8,17,18,0
205,1110.4,2.2,1106.9,0.2,-8,0,17,0
206,987.1,2.2,984,0.1,-16,15,12,0
207,824.9,1.8,822.3,0.1,-16,19,18,0
208,823.9,1.6,821.4,0.1,10,7,7,1
209,809.8,2.1,806.9,0.2,6,3,3,1
210,886.3,1.5,883.4,0.2,-4,7,7,1
211,725,1.9,722.2,0.1,-4,9,11,0
212,688.6,2,685.8,0.1,-6,4,15,0
213,760.7,1.7,758.1,0.1,26,17,17,1
214,729.6,1.8,726.9,0.1,16,2,2,1
215,700.8,1.6,698.4,0.1,24,18,18,1
216,688.6,1.7,686.2,0.2,22,15,15,1
217,691.4,1.5,689.2,0.1,-18,3,12,0
218,693.5,1.4,691.2,0.2,20,12,12,1
219,687.1,1.5,684.7,0.2,0,15,15,1
220,683,1.4,680.8,0.1,-10,2,12,0
221,761.3,1.5,759,0.2,22,23,23,1
222,686.3,1.6,683.8,0.1,-10,5,21,0
223,717.7,1.6,715.4,0.1,-12,1,9,0
224,753.7,1.5,751.3,0.1,2,8,12,0
225,773.4,2.5,770.1,0.1,30,13,13,1
226,733.3,2.3,730.2,0.1,-12,17,18,0
227,689.5,2.3,686.4,0.1,10,3,3,1
228,688.8,2.3,685.7,0.1,10,1,1,1
229,710.9,2.6,707.5,0.1,-14,16,15,0
230,686.1,2.4,682.9,0.2,-18,8,6,0
231,693.7,2.2,690.5,0.1,6,14,13,0
232,688.3,2.2,685.2,0.1,-8,9,20,0
233,814.8,2.4,811.3,0.1,12,20,20,1
234,779,2.5,775.5,0.1,-16,10,3,0
235,688.1,2.2,685.1,0.1,-20,17,15,0
236,690.5,1.7,687.9,0.2,0,6,7,0
237,681.7,1.7,679.3,0.2,-16,2,15,0
238,685.3,1.6,683,0.1,-12,16,10,0
239,735,1.5,732.4,0.2,28,7,7,1
240,770.7,1.7,768.1,0.1,4,5,7,0
241,709.5,1.5,707.1,0.2,24,23,23,1
242,704.6,1.6,702.2,0.1,22,3,3,1
243,697,1.7,694.6,0.1,12,14,14,1
244,693.6,1.6,691.1,0.1,-12,4,21,0
245,684.1,1.6,681.8,0.1,26,16,16,1
246,685,1.6,682.7,0.1,20,7,7,1
247,688.6,1.5,686.2,0.1,6,15,15,1
248,683.3,1.4,681.1,0.2,12,10,10,1
249,685.3,1.6,683,0.1,-12,2,15,0
250,690.1,1.6,687.7,0.1,22,19,19,1
251,687.9,2.2,684.9,0.1,-4,13,11,0
252,691.3,2.4,688.1,0.1,26,18,18,1
253,772.8,2.2,769.5,0.1,0,13,9,0
254,702,2.3,699,0.1,6,6,6,1
255,685.2,2.3,682.1,0.1,-8,7,12,0
256,696,2.7,692.4,0.1,24,4,4,1
257,683.8,2.3,680.6,0.1,-2,15,23,0
258,741.3,2.4,738.1,0.2,2,17,17,1
259,700,2.3,696.9,0.1,22,3,3,1
260,691.4,2.3,688.3,0.1,-4,3,3,1
261,697,1.6,694.6,0.1,6,19,19,1
262,731.6,1.7,729.2,0.1,6,1,1,1
263,687.6,1.5,685.3,0.1,4,3,3,1
264,728.7,1.5,726.3,0.1,12,20,19,0
265,696,1.6,693.4,0.2,-14,6,18,0
266,690.6,1.5,688.3,0.1,-4,16,9,0
267,708,1.7,705.4,0.1,-16,11,18,0
268,688.9,1.7,686.2,0.2,-18,16,14,0
269,694.1,1.6,691.6,0.1,-10,2,17,0
270,683.5,1.6,681,0.1,16,11,10,0
271,685.1,1.4,682.8,0.1,-18,0,4,0
272,733.4,1.7,730.8,0.1,-10,11,14,0
273,695,1.6,692.6,0.2,28,21,21,1
274,691.1,1.7,688.4,0.1,-16,13,10,0
275,683.1,1.5,680.7,0.1,26,8,8,1
276,746.7,1.5,744.3,0.1,0,23,23,1
277,720.8,1.8,718,0.1,-20,9,15,0
278,843.9,1.6,841.5,0.1,-8,23,4,0
279,659.7,1.6,657.3,0.1,10,0,0,1
280,653,1.6,650.6,0.1,14,20,20,1
281,647.1,1.5,644.7,0.1,-6,12,4,0
282,706.5,2,703.7,0.1,16,18,17,0
283,709.7,1.6,707.2,0.1,26,7,7,1
284,651.6,1.7,649.1,0.1,-12,5,15,0
285,674.8,1.6,672.4,0.1,-10,2,18,0
286,662.4,1.5,660.1,0.1,-10,21,21,1
287,643.9,1.4,641.7,0.2,8,19,19,1
288,671.3,1.5,668.8,0.1,16,9,9,1
289,687.5,1.6,685.1,0.1,0,19,20,0
290,665.8,1.6,663.3,0.1,14,12,12,1
291,654.4,1.5,652,0.1,-18,1,19,0
292,678.8,1.5,676.4,0.1,18,22,22,1
293,725.7,1.5,723.3,0.1,0,14,9,0
294,738.5,2,735.4,0.1,2,2,2,1
295,700,1.7,697.5,0.1,20,1,1,1
296,710.7,1.6,708.2,0.1,-16,3,21,0
297,684.8,1.5,682.4,0.1,-16,20,15,0
298,682.7,1.6,680.3,0.2,16,21,21,1
299,796.7,1.6,793.7,0.1,28,10,10,1
300,732.4,2.3,729.2,0.1,30,16,16,1
301,747.7,1.8,745,0.1,16,5,5,1
302,890.4,1.7,887.4,0.1,24,14,16,0
303,757.5,3.1,753.6,0.1,-14,7,15,0
304,760.7,1.8,758,0.1,24,14,14,1
305,759.3,2,756.5,0.1,-12,20,19,0
306,751.8,1.6,749.2,0.2,-2,20,19,0
307,737.8,1.7,735.3,0.1,20,3,3,1
308,751.4,1.8,748.7,0.1,4,19,19,1
309,734.1,1.7,731.5,0.1,12,0,0,1
310,736.5,1.7,734.1,0.1,-14,16,17,0
311,801.1,1.8,798.1,0.1,-12,8,15,0
312,778.7,1.9,775.7,0.2,-12,4,15,0
313,760.3,2.3,757.2,0.2,4,15,15,1
314,750.1,1.7,747.5,0.2,-18,10,15,0
315,730.3,1.7,727.8,0.1,-2,11,16,0
316,737.5,1.7,734.9,0.2,-12,8,20,0
317,734.6,1.7,732.1,0.1,4,14,16,0
318,722.5,1.5,720.1,0.1,14,10,10,1
319,717.8,1.8,715.3,0.1,-6,19,19,1
320,915.6,1.6,912.6,0.1,-2,7,9,0
321,844.9,2.5,841.1,0.1,30,11,11,1
322,785.7,2.1,782.6,0.1,20,16,14,0
323,754.1,1.9,751.2,0.1,10,0,0,1
324,735.7,1.6,733.2,0.1,-10,12,15,0
325,757.1,2.1,754.2,0.1,12,20,20,1
326,762.1,1.6,759.7,0.2,10,3,3,1
327,766.9,1.6,764.4,0.1,-16,21,10,0
328,753.3,1.8,750.5,0.1,-8,9,7,0
329,857.1,2,853.7,0.1,12,7,7,1
330,785.8,2.2,782.5,0.1,-14,5,15,0
331,763.1,2.2,759.9,0.1,26,14,14,1
332,752.6,2,749.7,0.1,4,0,0,1
333,755.1,1.7,752.6,0.1,-16,6,18,0
334,746.6,1.7,744,0.1,8,20,20,1
335,1072.3,1.8,1069.1,0.1,28,9,9,1
336,885.8,2.8,882,0.2,-20,7,8,0
337,1078.3,2.1,1074.7,0.1,12,19,19,1
338,913.3,2.7,909.6,0.2,28,17,17,1
339,861.3,2.5,857.6,0.1,-6,10,15,0
340,938.8,2.7,934.7,0.1,-2,10,11,0
341,801.7,2.3,798.5,0.1,10,10,11,0
342,863.3,2,860.1,0.2,12,4,4,1
343,858.1,2,855,0.1,-18,5,18,0
344,778.4,2.1,775.5,0.1,6,23,23,1
345,1155.8,1.9,1152.6,0.1,12,2,2,1
346,791.1,2.8,787.3,0.1,-8,18,1,0
347,774.2,1.9,771.3,0.1,-6,0,0,1
348,770.2,2,767,0.1,-20,16,21,0
349,765.6,1.9,762.8,0.1,-16,14,10,0
350,760.6,1.6,758.2,0.1,14,21,21,1
351,775.9,1.5,773.4,0.1,28,7,7,1
352,829.8,2,826.7,0.1,-20,10,12,0
353,830.5,2,827.6,0.1,8,3,3,1
354,1530.6,2.2,1526.2,0.2,4,11,11,1
355,921.1,2.7,917.4,0.1,28,22,22,1
356,888.9,3,884.9,0.1,-6,13,7,0
357,888,2.4,884.6,0.1,-4,3,3,1
358,895.5,2.8,891.5,0.1,10,21,21,1
359,869.2,2.3,865.8,0.1,12,18,17,0
360,858.9,2,855.9,0.1,-16,16,20,0
361,1231.6,2.5,1227.6,0.1,0,14,15,0
362,866.1,2.8,862.1,0.1,4,6,7,0
363,865.7,2.2,862.3,0.2,10,3,3,1
364,864.3,2.2,861.1,0.2,26,9,9,1
365,859.1,2.3,856,0.1,8,4,4,1
366,858.4,2,855.3,0.1,0,5,7,0
367,835.8,1.9,833.1,0.1,14,14,14,1
368,1011.6,2.3,1007.9,0.1,-12,12,15,0
369,856,2.5,852.2,0.1,-6,14,15,0
370,852,2.5,848.3,0.2,-14,4,15,0
371,832,1.8,829.1,0.1,0,10,9,0
372,848.5,2,845.5,0.1,24,10,10,1
373,823.7,2.3,820.4,0.1,-2,8,15,0
374,815.9,1.7,813.3,0.1,28,20,20,1
375,820,1.7,817.3,0.1,-10,19,20,0
376,839.2,2.1,836.1,0.1,-16,19,20,0
377,857.4,1.9,854.5,0.1,18,9,9,1
378,984.9,2.1,981.1,0.2,14,5,5,1
379,885.8,2.2,882.6,0.1,16,15,15,1
380,853.4,2.1,850.2,0.2,22,13,13,1
381,834.9,2.2,831.8,0.2,10,3,3,1
382,930.7,2.2,927.2,0.1,-6,21,21,1
383,854,2.2,850.9,0.1,-8,18,1,0
384,859.8,2.2,856.3,0.1,-14,17,21,0
385,1768.7,2.1,1765.4,0.1,8,16,14,0
386,840.5,2,837.6,0.1,24,1,1,1
387,842,2.2,838.9,0.1,8,2,2,1
388,815.6,2.1,812.7,0.1,-6,17,2,0
389,808.6,1.7,806,0.1,20,8,8,1
390,811.2,1.8,808.6,0.1,-2,17,17,1
391,802.4,1.7,799.8,0.2,8,10,10,1
392,1237.6,1.9,1234.4,0.1,14,18,17,0
393,845.4,2.4,842.1,0.1,28,14,14,1
394,849.1,2.3,845.8,0.2,26,17,17,1
395,809.1,2.2,806.1,0.1,-20,0,15,0
396,805.9,1.8,803.3,0.1,2,15,14,0
397,790.9,1.6,788.5,0.2,-12,9,7,0
398,797.1,1.8,794.4,0.2,-18,20,10,0
399,791.3,1.6,788.9,0.1,20,8,8,1
400,929.5,2.5,925.7,0.1,-16,4,20,0
401,855.6,2.1,852.2,0.1,30,19,19,1
402,912.5,2.1,909,0.1,10,13,13,1
403,873.8,2.4,870.2,0.1,-14,22,15,0
404,853.7,2,850.7,0.2,18,7,7,1
405,843.6,1.9,840.7,0.1,-4,1,0,0
406,807.2,1.8,804.6,0.1,24,13,13,1
407,794.5,2,791.6,0.1,26,18,17,0
408,825,2.3,821.6,0.1,12,23,23,1
409,821.7,1.8,818.9,0.1,16,23,23,1
410,818.6,2.2,815.5,0.1,-12,6,15,0
411,823,1.7,820.4,0.1,20,22,22,1
412,810.3,1.9,807.4,0.1,-16,0,20,0
413,786.3,1.6,783.8,0.1,28,19,19,1
414,785.9,2.2,782.7,0.1,24,7,7,1
415,782.6,1.9,779.8,0.1,18,22,22,1
416,982.5,1.8,979.3,0.1,-8,5,12,0
417,813.4,2.4,810.2,0.2,20,8,8,1
418,817.4,2.1,814.5,0.1,24,8,8,1
419,816.4,2.2,813.4,0.1,20,4,4,1
420,804.2,2.2,801.2,0.1,12,2,2,1
421,810.5,2,807.7,0.1,26,17,17,1
422,801.8,2.1,798.9,0.1,2,5,5,1
423,790.6,2.2,787.6,0.1,2,19,19,1
424,881,2,878.2,0.1,6,16,14,0
425,914.5,2.2,910.8,0.2,26,13,13,1
426,799,2.2,796,0.1,10,15,16,0
427,787.8,2.1,784.7,0.1,18,22,22,1
428,790.5,2,787.8,0.1,0,10,11,0
429,775.2,2.1,772.3,0.1,22,19,19,1
430,788,2,785.2,0.2,-8,13,4,0
431,770.1,1.8,767.5,0.2,-2,4,23,0
432,799.1,1.6,796.6,0.1,0,16,9,0
433,773.9,1.8,771.2,0.1,2,2,2,1
434,1148.8,2,1145.4,0.1,-20,14,14,1
435,844.7,3.2,840.6,0.1,-16,15,21,0
436,820.1,2,817.2,0.1,24,18,17,0
437,823,1.8,820.3,0.1,-10,7,15,0
438,804,2.3,800.8,0.2,8,2,2,1
439,788,1.8,785.5,0.1,-2,11,15,0
440,787.8,1.8,785.1,0.1,2,21,21,1
441,803.7,1.9,800.8,0.1,-10,17,17,1
442,792.1,1.6,789.5,0.1,26,6,6,1
443,827.5,1.5,825.1,0.1,28,6,6,1
444,832.3,1.7,829.6,0.1,-6,8,15,0
445,841.8,1.7,839,0.1,2,3,3,1
446,826.7,1.8,824.1,0.1,6,16,16,1
447,841.7,1.7,839.1,0.1,4,23,23,1
448,794.9,1.9,792.1,0.2,22,12,12,1
449,765.8,1.7,763.2,0.2,0,14,9,0
450,809,1.7,806.1,0.1,-4,3,3,1
451,830.7,2,827.9,0.1,28,12,12,1
452,847.8,1.7,845.4,0.1,6,11,11,1
453,907.6,1.6,905,0.1,18,10,10,1
454,1470.9,2.3,1466.2,0.4,16,17,17,1
455,1121.8,3.2,1117.2,0.3,-20,10,21,0
456,851.7,2.7,847.6,0.3,-4,20,19,0
457,1079.2,2.2,1075.5,0.3,6,23,23,1
458,879.8,2.1,876.5,0.3,-14,18,15,0
459,868.2,2.3,865,0.1,-4,22,7,0
460,850.7,2.1,847.8,0.1,20,17,17,1
461,871.7,1.8,869,0.1,30,0,0,1
462,837.1,1.7,834.4,0.1,18,1,1,1
463,843.1,2.1,840,0.1,-2,14,3,0
464,817.2,1.5,814.7,0.1,8,12,12,1
465,859.3,1.7,856.7,0.1,8,7,7,1
466,845.5,2.1,842.6,0.1,6,15,15,1
467,867.6,2.5,864,0.2,-6,23,4,0
468,827.6,1.8,824.7,0.1,22,10,10,1
469,809.8,1.7,807.2,0.1,4,14,16,0
470,807.8,1.5,805.2,0.1,20,16,16,1
471,803.2,1.7,800.6,0.2,2,20,19,0
472,793.4,1.7,790.8,0.1,-6,16,7,0
473,806,1.8,803.2,0.1,-14,16,15,0
474,794.1,1.8,791.4,0.1,-10,9,15,0
475,800.2,2,797.2,0.1,-18,19,10,0
476,766.2,2.1,763.2,0.1,24,10,10,1
477,766.5,1.6,764.2,0.1,-2,4,13,0
478,779.8,1.6,777.4,0.1,18,12,12,1
479,760.2,1.7,757.7,0.1,-6,14,11,0
480,756.4,1.8,753.8,0.1,20,22,22,1
481,846.3,1.7,843.7,0.1,-8,17,18,0
482,853.1,2.3,849.6,0.1,-20,17,15,0
483,797.4,2.2,794.4,0.1,6,4,4,1
484,781.9,1.6,779.4,0.1,-20,6,20,0
485,794.3,1.6,791.8,0.1,20,4,4,1
486,780.5,1.7,777.9,0.1,-2,22,22,1
487,797.6,1.7,795.1,0.2,4,20,20,1
488,752.6,1.6,750,0.2,8,8,8,1
489,755.8,1.5,753.3,0.2,-8,3,14,0
490,741.4,1.7,738.9,0.2,18,18,18,1
491,782.6,1.6,780.2,0.1,0,1,1,1
492,770.2,1.6,767.6,0.2,22,5,5,1
493,836.6,1.8,834,0.1,-4,5,7,0
494,808,1.5,805.6,0.1,-18,19,15,0
495,751,1.5,748.5,0.1,10,4,4,1
496,739.5,1.5,737.1,0.1,-20,20,18,0
497,747.2,1.9,744.5,0.1,28,8,8,1
498,733.7,1.6,731.3,0.1,-16,16,15,0
499,735.4,1.5,733,0.1,24,9,9,1
500,774,1.6,771.5,0.1,-14,15,21,0
501,901.9,1.9,899,0.1,-4,10,15,0
502,764.8,2.5,761.4,0.1,4,8,8,1
503,750,1.8,747.4,0.1,18,4,4,1
504,748.2,1.6,745.7,0.1,20,8,8,1
505,765.4,1.7,762.8,0.1,-4,7,15,0
506,744.8,2.1,742,0.1,22,17,17,1
507,747.5,1.6,745.2,0.1,18,2,2,1
508,744.2,1.6,741.8,0.1,18,7,7,1
509,806.6,1.5,803.6,0.1,-18,16,15,0
510,761.9,2,759,0.2,12,19,19,1
511,755,1.7,752.5,0.1,-14,1,15,0
512,738.3,1.7,735.8,0.1,12,11,11,1
513,732.6,1.7,730,0.2,-18,15,15,1
514,737.2,1.6,734.7,0.1,4,3,3,1
515,730.6,1.6,728.2,0.1,-12,0,18,0
516,730.4,1.6,727.9,0.1,-6,21,21,1
517,738.9,1.9,736.1,0.1,14,10,10,1
518,858.7,1.8,855.6,0.1,-18,13,15,0
519,841.8,3,837.9,0.1,6,17,17,1
520,757.3,2.3,754.2,0.1,-10,19,15,0
521,754.4,1.6,751.9,0.1,14,22,22,1
522,766.7,1.9,764,0.2,22,18,17,0
523,812.1,1.8,809.4,0.1,-20,23,15,0
524,775.7,1.7,773.2,0.1,20,13,13,1
525,771.9,1.4,769.6,0.1,-12,5,12,0
526,812.8,1.7,810.3,0.1,28,17,17,1
527,848.5,1.6,846,0.1,12,7,7,1
528,793,2.1,789.9,0.1,8,15,15,1
529,782.1,2.1,779,0.1,14,2,2,1
530,792.8,1.7,790.2,0.2,22,1,1,1
531,805.5,2,802.7,0.1,-12,21,18,0
532,772.9,1.7,770.5,0.1,30,10,10,1
533,758.3,1.6,755.7,0.1,28,21,21,1
534,752.6,1.6,750.2,0.2,30,15,15,1
535,747.8,1.8,745.1,0.1,22,4,4,1
536,867.8,1.7,864.9,0.2,16,6,6,1
537,770.9,2.3,767.7,0.1,-18,11,19,0
538,782.1,1.9,779.2,0.1,24,6,6,1
539,764.8,2,762.1,0.1,-18,20,15,0
540,780.6,1.8,777.8,0.2,-6,6,15,0
541,829.1,1.8,826.5,0.1,-14,19,18,0
542,803.1,2.3,799.9,0.1,-20,19,15,0
543,784.4,1.9,781.7,0.1,-6,14,14,1
544,765.1,1.8,762.4,0.1,8,6,6,1
545,764.3,1.6,761.8,0.1,-14,10,4,0
546,756.3,1.6,753.8,0.1,-14,23,20,0
547,745.4,1.7,742.8,0.1,26,15,13,0
548,764.1,2,761.1,0.1,2,18,17,0
549,740,1.8,737.4,0.1,2,7,7,1
550,740.5,1.5,738.1,0.2,-2,5,7,0
551,742.4,1.6,739.8,0.1,14,7,7,1
552,734.3,1.6,731.8,0.1,4,3,3,1
553,734,2.1,731.1,0.2,-4,20,19,0
554,1034.7,1.7,1031.4,0.2,12,11,11,1
555,845.7,2.2,842.4,0.2,0,22,22,1
556,864.4,1.8,861.5,0.1,-4,3,3,1
557,832.9,2.8,829.1,0.1,-12,11,15,0
558,875.5,1.8,872.8,0.2,2,22,22,1
559,948.8,2,945.9,0.1,18,20,20,1
560,769.2,1.6,766.8,0.1,-4,5,15,0
561,852.1,1.6,849.6,0.1,2,3,3,1
562,831.3,1.7,828.7,0.1,18,20,20,1
563,758.4,2.2,755.3,0.2,-18,12,21,0
564,729.7,1.6,727.1,0.1,18,20,20,1
565,789.5,1.6,786.9,0.1,-20,5,21,0
566,726,1.9,723.2,0.1,4,22,22,1
567,725.1,1.7,722.5,0.1,28,3,3,1
568,721.9,1.6,719.3,0.1,-10,12,15,0
569,717.9,1.6,715.4,0.1,-12,21,21,1
570,721.8,1.7,719.2,0.1,-14,19,12,0
571,724.8,1.6,722.4,0.1,0,7,5,0
572,715.3,1.6,712.9,0.1,4,18,18,1
573,1630.9,1.5,1626.2,0.4,-20,21,15,0
574,806.3,4.1,801,0.1,30,0,0,1
575,712.1,1.9,709.4,0.1,10,22,22,1
576,714.1,2,711.4,0.1,4,5,5,1
577,703.9,1.5,701.6,0.1,-2,3,3,1
578,697.7,1.6,695.4,0.1,-16,3,18,0
579,733.5,1.8,730.8,0.1,-20,5,12,0
580,842.6,2.7,839.2,0.1,24,23,23,1
581,745.7,2.6,742.2,0.1,-4,5,11,0
582,737.3,2,734.6,0.1,20,11,11,1
583,704.2,1.6,701.7,0.1,4,4,4,1
584,705.7,1.5,703.3,0.1,-12,6,18,0
585,699.9,1.8,697.3,0.1,-18,9,15,0
586,702.8,1.7,700.1,0.2,-8,18,2,0
587,697.2,1.7,694.6,0.2,20,12,12,1
588,695.4,1.7,692.8,0.1,-12,11,12,0
589,717.9,1.5,715.5,0.1,-10,4,10,0
590,731.4,1.7,728.9,0.1,-18,21,15,0
591,806.9,2.3,803.4,0.2,20,12,12,1
592,718.6,2.5,715.2,0.1,24,16,14,0
593,707.8,1.7,705.3,0.1,8,15,14,0
594,914.6,1.9,911.7,0.2,6,23,23,1
595,752.1,2.5,748.8,0.1,0,11,11,1
596,742.6,1.9,739.7,0.1,16,21,21,1
597,760.8,1.9,758.1,0.1,16,13,13,1
598,749.5,2,746.7,0.1,30,4,4,1
599,750.6,1.7,748,0.1,20,8,8,1
600,720.7,1.6,718.1,0.1,4,11,15,0
601,727.5,2,724.6,0.1,-4,5,4,0
602,737.9,2.1,735,0.1,8,14,14,1
603,748.6,2.1,745.7,0.1,24,18,17,0
604,747.8,1.8,744.9,0.1,-12,10,15,0
605,764.2,2.1,761.2,0.2,12,7,7,1
606,748.6,2.3,745.4,0.1,-18,15,19,0
607,769.3,1.9,766.2,0.1,28,15,16,0
608,763.6,2,760.8,0.1,-16,8,15,0
609,761.6,1.9,758.7,0.1,2,18,18,1
610,745.1,2,742.1,0.1,30,22,22,1
611,744,1.7,741.4,0.1,30,19,19,1
612,748.7,1.6,746.1,0.1,18,1,1,1
613,737.6,1.6,735.1,0.1,24,6,6,1
614,736.8,1.8,734.2,0.1,6,15,15,1
615,771,2.1,767.8,0.1,2,22,22,1
616,762.7,2,760,0.1,12,5,5,1
617,772.7,1.9,769.8,0.1,22,1,1,1
618,749.9,1.8,747.3,0.1,-14,1,18,0
619,746.1,1.8,743.4,0.2,-20,17,10,0
620,751.8,1.8,749.2,0.1,16,8,8,1
621,737.3,1.9,734.5,0.1,30,2,2,1
622,740,1.9,737.2,0.1,-8,5,10,0
623,733.1,1.9,730.4,0.1,18,19,19,1
624,732.9,1.9,730.1,0.1,-8,14,19,0
625,736,1.7,733.4,0.1,-2,17,17,1
626,782.4,1.9,779.5,0.1,-14,3,10,0
627,825.1,2.7,821.5,0.1,-10,2,17,0
628,730.1,3.4,725.9,0.2,-18,16,21,0
629,724.4,1.6,721.9,0.2,-18,21,21,1
630,730.7,1.6,728.2,0.1,-4,11,23,0
631,730.6,1.7,728,0.1,-8,22,19,0
632,743,1.7,740.4,0.1,-4,2,1,0
633,729.1,1.9,726.3,0.1,-20,19,15,0
634,727.2,1.6,724.7,0.1,-10,8,15,0
635,736.2,1.7,733.6,0.1,18,6,6,1
636,737.4,1.9,734.7,0.1,2,13,11,0
637,723.9,1.8,721.1,0.1,2,16,9,0
638,730,1.7,727.4,0.1,2,14,15,0
639,785.5,1.6,782.6,0.1,-16,23,12,0
640,789.7,2.5,786.4,0.1,24,21,21,1
641,774.6,2.6,771.2,0.1,8,6,6,1
642,729.2,1.7,726.5,0.1,4,6,6,1
643,793.8,1.5,791.2,0.1,-4,8,4,0
644,724.7,1.9,721.8,0.1,8,21,21,1
645,734.4,1.8,731.8,0.1,-8,20,19,0
646,693.7,1.8,691,0.1,-6,13,4,0
647,691.9,1.6,689.6,0.1,24,18,17,0
648,700.3,1.7,697.7,0.1,2,17,17,1
649,767.9,1.8,765.2,0.1,0,8,15,0
650,821.2,1.8,818.5,0.1,28,13,13,1
651,776.4,1.6,773.9,0.1,24,10,10,1
652,696.8,1.6,694.3,0.1,6,10,11,0
653,701.7,1.8,699,0.1,22,3,3,1
654,712.9,1.6,710.2,0.1,30,6,6,1
655,708.9,1.6,706.2,0.1,0,22,22,1
656,687.6,1.6,685.1,0.1,16,4,4,1
657,692.3,1.6,689.6,0.1,8,11,11,1
658,696.5,1.6,693.9,0.1,28,10,10,1
659,692.5,1.8,689.9,0.1,-14,1,18,0
660,702,1.7,699.4,0.1,-14,1,15,0
661,699.7,1.7,696.9,0.1,-12,4,12,0
662,693.7,1.7,691.1,0.1,14,21,21,1
663,744.7,1.7,742,0.1,12,17,17,1
664,759.7,2.5,756.4,0.2,8,20,20,1
665,777.5,2.7,774,0.1,-14,13,15,0
666,792.6,2.9,788.9,0.1,2,3,3,1
667,807.7,3,803.9,0.1,26,4,4,1
668,766.3,2.8,762.7,0.1,-8,1,2,0
669,802.4,1.9,799.6,0.1,0,14,9,0
670,739,1.7,736.5,0.1,-4,9,23,0
671,785.6,1.3,783.2,0.1,24,21,21,1
672,833.8,2.1,830.6,0.1,2,0,0,1
673,1312.8,1.9,1309.4,0.2,16,11,11,1
674,817.9,2.2,814.8,0.1,-8,14,7,0
675,798.3,1.9,795.6,0.1,18,3,3,1
676,801.7,1.8,799.1,0.1,8,0,0,1
677,780.1,2.2,777.1,0.1,-20,13,15,0
678,781,1.8,778.4,0.1,22,10,11,0
679,778.6,2.4,775.4,0.1,26,12,12,1
680,762,1.8,759.3,0.1,30,2,2,1
681,763.5,1.8,761,0.1,18,7,7,1
682,817.8,1.7,815,0.1,0,23,23,1
683,800.6,2.2,797.5,0.1,8,2,2,1
684,771,1.8,768.4,0.1,4,0,0,1
685,704.1,1.8,701.5,0.1,30,12,12,1
686,701.2,1.8,698.3,0.2,-16,8,20,0
687,695.7,2.2,692.6,0.1,0,12,12,1
688,674.5,1.6,672.2,0.1,30,12,12,1
689,666.9,1.7,664.3,0.1,2,0,0,1
690,669.6,1.4,667.2,0.1,-4,4,7,0
691,999.2,1.6,996.2,0.1,30,16,14,0
692,767,2.1,764,0.2,30,3,3,1
693,763.7,1.9,761,0.1,-10,6,0,0
694,776.1,2.1,773.2,0.2,-20,8,12,0
695,764.9,1.8,762.2,0.1,30,5,5,1
696,735.9,1.8,733.4,0.1,28,22,22,1
697,788.3,1.9,785.6,0.1,0,2,2,1
698,767.5,1.9,764.8,0.1,6,18,18,1
699,770,1.8,767.1,0.1,-6,23,4,0
700,808.7,2.3,805.4,0.1,-14,5,18,0
701,756.7,2,753.8,0.1,-12,9,18,0
702,756.8,2,754,0.2,28,9,9,1
703,740.8,1.7,738.3,0.1,-10,14,15,0
704,747.2,2.3,744,0.1,6,8,8,1
705,731.6,1.7,729.1,0.1,12,14,15,0
706,738.3,1.8,735.6,0.1,-6,16,15,0
707,737.1,1.7,734.5,0.1,10,13,15,0
708,728.3,1.7,725.8,0.1,0,21,21,1
709,746.8,1.9,743.8,0.1,0,13,15,0
710,806.5,1.6,804,0.1,-16,4,21,0
711,727.5,2.3,724.4,0.1,26,15,14,0
712,774.8,2,771.8,0.1,8,13,10,0
713,764,1.7,761.4,0.2,28,18,18,1
714,778.3,1.9,775.4,0.2,30,20,20,1
715,779.8,2.3,776.6,0.1,30,21,21,1
716,764.4,1.7,761.8,0.1,16,7,7,1
717,789.7,1.9,787,0.1,-14,19,15,0
718,768.1,2,765.4,0.1,28,0,0,1
719,765,2.1,762.1,0.1,-18,18,15,0
720,771.8,1.7,769.1,0.2,-12,19,21,0
721,750,1.7,747.6,0.1,0,15,14,0
722,755.9,1.7,753.4,0.1,2,12,14,0
723,752.7,1.6,750.1,0.2,-14,20,20,1
724,752.1,1.7,749.6,0.1,-12,9,21,0
725,747.9,1.8,745.3,0.1,18,18,18,1
726,761.3,1.7,758.6,0.2,-20,9,15,0
727,1159.6,1.9,1155.6,0.4,-8,10,23,0
728,884.4,3.6,879,0.2,6,9,9,1
729,837.9,3.7,833.2,0.2,24,23,23,1
730,806,2.1,803,0.1,2,1,1,1
731,803.9,2.3,800.4,0.1,26,15,15,1
732,783.1,2.2,780.2,0.1,-6,14,3,0
733,803,1.8,800.4,0.1,4,10,11,0
734,830,2.4,826.5,0.1,12,1,1,1
735,885.4,2.9,881.5,0.1,-20,15,11,0
736,871.6,2.9,867.6,0.1,30,11,11,1
737,840.4,3.1,836.6,0.1,-16,3,10,0
738,837.1,2.4,833.8,0.2,-18,9,10,0
739,810.9,2.1,807.9,0.1,12,0,0,1
740,831.9,1.6,829.3,0.1,2,12,15,0
741,799.5,1.9,796.7,0.1,22,12,12,1
742,791.3,1.9,788.4,0.1,-18,6,15,0
743,816,1.9,813.3,0.2,-12,23,15,0
744,785.5,1.9,782.7,0.1,-12,17,15,0
745,788.4,1.7,785.9,0.1,16,14,16,0
746,774.9,2,772.1,0.1,-4,17,17,1
747,769.8,1.7,767.3,0.1,-8,17,1,0
748,798.7,1.7,796.1,0.1,-14,13,21,0
749,793.4,1.8,790.9,0.1,26,14,16,0
750,861.8,2,858.5,0.2,-12,16,18,0
751,851.9,2.5,848.5,0.1,10,0,0,1
752,884.4,2.2,881.1,0.1,-8,13,0,0
753,864.1,2.5,860.8,0.1,-2,20,19,0
754,853.9,1.9,851.1,0.2,6,2,2,1
755,839.6,2.3,836.3,0.1,-6,18,1,0
756,819.1,2.1,816.2,0.1,18,15,15,1
757,825.3,2.1,822.4,0.1,-10,21,21,1
758,819.1,1.7,816.6,0.1,-18,11,15,0
759,832.5,1.9,829.6,0.1,24,2,2,1
760,826.7,1.9,823.9,0.1,10,9,9,1
761,844.9,1.9,842.1,0.1,-18,6,21,0
762,804.3,2.2,801.3,0.1,30,19,19,1
763,745.1,1.7,742.5,0.2,24,3,3,1
764,729.4,1.8,726.8,0.1,-20,7,15,0
765,834.8,2,831.4,0.1,30,7,7,1
766,825.4,2.2,822,0.1,10,14,10,0
767,774.7,2,771.8,0.1,4,22,22,1
768,773.5,1.9,770.7,0.1,16,1,1,1
769,770.3,2,767.4,0.1,22,19,19,1
770,781.8,2.3,778.6,0.2,16,19,19,1
771,745.4,1.7,742.9,0.1,8,23,23,1
772,725.9,2,723,0.1,-4,12,11,0
773,724.8,2,722,0.1,12,2,2,1
774,798.8,1.7,795.7,0.1,30,6,6,1
775,729.3,1.7,726.8,0.1,4,6,7,0
776,715.5,1.6,713.2,0.1,2,10,11,0
777,705.5,1.9,702.8,0.1,16,16,14,0
778,717.8,1.6,715.2,0.2,2,7,7,1
779,762.4,2.3,759.2,0.1,28,17,17,1
780,717.9,1.6,715.6,0.1,30,3,3,1
781,718.6,1.7,715.8,0.1,-8,1,1,1
782,706.9,2.1,704,0.2,24,8,8,1
783,705,1.5,702.7,0.1,-2,17,17,1
784,710.6,1.6,708.2,0.1,-20,20,7,0
785,752,2,749.2,0.1,20,20,20,1
786,738.6,1.8,736,0.1,-12,19,19,1
787,759.2,1.7,756.7,0.1,12,8,8,1
788,909.2,2.2,905.7,0.1,16,19,19,1
789,948.5,2.9,944.2,0.1,-6,0,1,0
790,845.5,2.8,841.2,0.1,28,2,2,1
791,810.2,2.1,807.2,0.1,26,22,22,1
792,809.9,2,807,0.1,-10,23,15,0
793,815.8,2.4,812.5,0.1,16,9,9,1
794,804.6,2.2,801.5,0.1,10,16,16,1
795,785.4,2,782.5,0.1,0,3,3,1
796,812.8,2.1,809.6,0.1,10,4,4,1
797,794,2.2,791,0.2,-4,11,16,0
798,818.7,2.2,815.4,0.1,-10,16,12,0
799,822.4,2.4,818.7,0.2,8,20,20,1
800,793,2.3,789.9,0.1,2,9,9,1
801,776.8,2.2,773.7,0.1,16,7,7,1
802,729.8,1.7,727.2,0.2,10,11,11,1
803,732.9,1.7,730.5,0.1,-12,7,15,0
804,762.3,2,759.5,0.2,-2,0,0,1
805,783.7,1.6,781.3,0.1,-20,6,12,0
806,771.1,1.8,768.5,0.1,-20,5,15,0
807,755.3,1.7,752.6,0.1,26,18,18,1
808,736.3,1.7,733.6,0.1,-20,11,21,0
809,728.5,2.2,725.4,0.2,20,15,15,1
810,877.1,2,873.1,0.2,-8,7,15,0
811,1018.6,2.8,1014.2,0.1,-6,2,1,0
812,917.8,2.6,914.2,0.1,8,19,19,1
813,824.6,2,821.7,0.1,-10,19,20,0
814,966.7,1.8,963.5,0.2,-4,19,20,0
815,799.2,2.8,795.4,0.1,-16,14,10,0
816,775.6,2.1,772.5,0.1,14,13,13,1
817,718.9,1.8,716.3,0.1,22,12,12,1
818,726.1,2.1,723,0.2,6,8,8,1
819,722,1.7,719.3,0.1,-10,5,15,0
820,699.3,1.7,696.8,0.1,-6,16,15,0
821,724.8,1.6,722.3,0.2,0,16,15,0
822,746.9,1.9,744,0.2,-12,11,7,0
823,742.1,1.9,739.4,0.1,10,23,23,1
824,741.3,1.5,738.6,0.1,10,18,18,1
825,760.2,1.7,757.5,0.2,30,2,2,1
826,1383.4,1.8,1380.1,0.1,8,7,7,1
827,844,2.7,840.5,0.1,20,6,6,1
828,851.3,2.3,847.8,0.1,-8,16,23,0
829,793.2,2.5,789.7,0.1,26,17,17,1
830,813.3,2.2,810,0.1,10,6,6,1
831,747.6,2,744.8,0.2,-16,15,10,0
832,714.5,1.8,711.9,0.1,-16,2,7,0
833,720.2,1.6,717.8,0.1,8,2,2,1
834,715.2,1.6,712.8,0.2,24,2,2,1
835,702.1,1.9,699.1,0.2,-4,2,1,0
836,707.2,1.5,704.7,0.1,-10,15,18,0
837,731.1,1.7,728.6,0.2,18,21,21,1
838,708.7,1.6,706.3,0.1,18,5,5,1
839,710.6,2,707.7,0.1,22,14,16,0
840,744.4,1.7,741.9,0.1,26,1,1,1
841,733.8,1.9,731,0.2,-14,4,18,0
842,734.9,1.8,732.2,0.1,6,2,2,1
843,704.4,2.4,701.3,0.1,-12,6,15,0
844,724.6,2.3,721.3,0.2,8,3,3,1
845,734.7,1.9,731.8,0.1,-6,7,23,0
846,710.3,1.7,707.7,0.2,-16,20,21,0
847,697.7,1.5,695.4,0.2,-8,2,1,0
848,694.1,1.6,691.7,0.1,6,8,8,1
849,704.3,1.5,702,0.1,26,15,14,0
850,752.7,2.1,749.8,0.2,-16,19,10,0
851,701.5,1.6,699,0.1,8,18,18,1
852,704.1,1.6,701.7,0.1,-6,14,21,0
853,693.2,1.6,690.7,0.1,24,9,9,1
854,699.2,1.5,696.7,0.1,0,17,17,1
855,692.7,1.6,690.3,0.2,24,22,22,1
856,695.2,1.6,692.7,0.2,-20,3,15,0
857,704.1,1.7,701.4,0.1,16,13,13,1
858,693.4,1.5,691,0.1,8,9,9,1
859,708.7,1.6,706.3,0.1,-10,2,18,0
860,747,1.6,744.5,0.1,18,10,10,1
861,756.3,2.6,752.9,0.1,28,21,21,1
862,714.5,1.6,712,0.1,28,7,7,1
863,717.5,3.2,713.4,0.1,2,13,11,0
864,702.4,1.4,700.2,0.2,-2,2,2,1
865,716.5,1.6,713.9,0.1,-4,2,2,1
866,736.7,1.6,734.4,0.1,28,18,18,1
867,701.6,1.6,699.1,0.2,20,22,22,1
868,695,1.9,692.1,0.1,-10,3,3,1
869,737.6,1.5,735.2,0.1,6,8,8,1
870,700.9,1.7,698.3,0.2,28,9,9,1
871,714.6,1.7,711.8,0.1,20,10,10,1
872,692.9,1.6,690.4,0.1,-2,16,23,0
873,686.3,1.6,684,0.1,0,22,22,1
874,697.6,1.6,695,0.1,-20,17,10,0
875,692.1,1.6,689.6,0.2,12,18,18,1
876,688,1.6,685.5,0.1,-20,9,15,0
877,695.3,1.5,692.8,0.1,28,16,15,0
878,689.8,1.5,687.5,0.1,14,16,15,0
879,828.9,1.4,826.1,0.2,8,6,7,0
880,1343.2,2.1,1339.9,0.1,4,20,20,1
881,951.7,2.9,947.8,0.1,-14,14,21,0
882,787.8,2.9,784.1,0.1,14,14,14,1
883,714.2,1.8,711.7,0.1,-20,14,3,0
884,693.9,1.5,691.5,0.2,8,0,0,1
885,713,2.1,709.9,0.1,20,4,4,1
886,696.2,2.2,693.1,0.1,6,21,21,1
887,777.7,1.7,774.7,0.1,6,11,11,1
888,759.7,2.3,756.4,0.1,10,1,1,1
889,740.7,1.9,737.8,0.1,-20,23,15,0
890,718.3,1.7,715.8,0.1,26,4,4,1
891,722.4,1.7,719.8,0.1,10,11,11,1
892,725.2,1.6,722.7,0.1,10,17,17,1
893,728.9,1.6,726.5,0.1,-12,19,20,0
894,708.6,1.6,706.1,0.2,2,2,2,1
895,721.8,2.3,718.6,0.2,-16,13,12,0
896,719.7,1.5,717.3,0.1,-16,0,20,0
897,1074.9,1.6,1072,0.1,2,20,19,0
898,838.6,2.4,835.1,0.3,16,3,3,1
899,853.1,2.5,849.6,0.1,-2,6,11,0
900,697.8,2.7,694.2,0.2,-2,14,4,0
901,709,1.6,706.6,0.1,-14,16,21,0
902,694.5,1.7,692,0.1,28,11,11,1
903,692,1.6,689.6,0.1,6,6,6,1
904,699.9,1.5,697.4,0.1,30,16,16,1
905,689.1,1.5,686.7,0.1,2,23,23,1
906,752.2,1.7,749.8,0.1,22,13,13,1
907,716,2.2,712.9,0.1,12,8,8,1
908,695.4,2.8,691.8,0.1,0,9,9,1
909,753.5,1.5,751.1,0.1,26,0,0,1
910,729.6,1.5,727.3,0.1,-4,8,4,0
911,721.6,1.6,719.1,0.1,30,9,9,1
912,700.8,1.5,698.4,0.1,-12,18,18,1
913,708.7,1.6,706.3,0.1,-6,11,4,0
914,705.8,1.7,703.2,0.1,-16,18,18,1
915,747.4,2.2,744,0.1,24,21,21,1
916,904.1,2.4,900.8,0.1,0,2,2,1
917,833.2,2.8,829.3,0.1,26,5,5,1
918,745.2,2.4,742,0.2,-4,18,17,0
919,715,1.7,712.4,0.1,24,23,23,1
920,740.2,1.9,737.5,0.1,2,21,21,1
921,709.1,1.5,706.8,0.1,-12,16,15,0
922,733.1,1.7,730.5,0.1,-14,14,15,0
923,712,1.5,709.5,0.1,-12,22,21,0
924,712,1.5,709.6,0.2,22,0,0,1
925,936.2,1.7,933.1,0.1,16,11,11,1
926,838.8,3.4,834.5,0.1,0,13,15,0
927,695,2.7,691.4,0.2,2,17,17,1
928,689.9,1.5,687.5,0.2,-14,6,15,0
929,815.5,1.5,813,0.2,12,5,5,1
930,705.6,1.8,703,0.1,-16,5,15,0
931,702.4,1.6,699.9,0.1,28,5,5,1
932,696.8,1.4,694.5,0.1,-2,17,17,1
933,721,1.5,718.6,0.2,12,14,14,1
934,984.5,1.9,981.1,0.1,16,22,22,1
935,855.1,2.7,851.5,0.1,-14,23,12,0
936,738.3,3.2,734.3,0.1,22,16,14,0
937,729.8,2,727,0.1,12,16,16,1
938,702.9,1.7,700.4,0.2,18,2,2,1
939,699.2,2.1,696.3,0.1,-16,14,18,0
940,704.3,1.6,701.8,0.1,8,5,5,1
941,693.1,1.5,690.8,0.1,-18,6,18,0
942,689.1,1.7,686.5,0.1,12,6,6,1
943,754.7,1.5,752.4,0.1,22,0,0,1
944,759.4,1.8,756.8,0.1,0,20,19,0
945,713.9,2.2,710.8,0.2,30,2,2,1
946,696.7,2.8,693.1,0.1,-2,2,1,0
947,691.4,1.7,688.9,0.2,0,8,8,1
948,699.4,1.5,696.9,0.1,-16,2,20,0
949,691,1.5,688.7,0.1,-18,0,12,0
950,696,1.6,693.5,0.2,-16,8,10,0
951,701.9,1.5,699.5,0.1,-10,16,15,0
952,705,1.5,702.5,0.1,-4,0,0,1
953,1226.4,1.7,1223.3,0.2,10,6,6,1
954,935,3.4,930.3,0.2,22,20,20,1
955,904.1,3.2,899.5,0.1,-18,5,21,0
956,775.6,3.1,771.7,0.1,-18,19,15,0
957,703.7,3,699.9,0.1,-12,21,15,0
958,702.5,2,699.7,0.2,22,6,6,1
959,693.5,1.7,691.1,0.1,10,8,8,1
960,693.1,1.6,690.8,0.1,26,4,4,1
961,774.6,1.9,771.5,0.1,12,22,22,1
962,744.4,2,741.5,0.1,30,19,19,1
963,736.6,1.7,734,0.1,30,21,21,1
964,722.7,1.6,720.3,0.1,-8,3,6,0
965,713.7,1.8,711.1,0.1,12,16,14,0
966,719.5,1.5,717.1,0.1,-20,2,10,0
967,715.8,1.5,713.3,0.1,12,0,0,1
968,710.4,1.5,708,0.1,-2,8,11,0
969,716.3,1.9,713.5,0.1,12,19,19,1
970,747.8,1.6,745.3,0.1,-8,15,3,0
971,920.7,1.7,918.2,0.1,2,12,15,0
972,830.5,3,826.5,0.1,-6,17,18,0
973,780,2,777.2,0.1,18,3,3,1
974,798,1.5,795.5,0.3,2,13,11,0
975,755.3,1.7,752.8,0.1,0,12,11,0
976,788.3,1.6,785.8,0.1,6,15,13,0
977,759.1,1.6,756.6,0.1,20,16,16,1
978,764.2,1.5,761.7,0.1,-4,19,20,0
979,774.4,1.7,771.8,0.1,8,2,2,1
980,768.5,2,765.7,0.1,10,6,6,1
981,775.3,1.9,772.6,0.1,30,5,5,1
982,760,1.7,757.6,0.1,12,1,1,1
983,750.3,1.8,747.8,0.1,28,5,5,1
984,762.1,1.9,759.3,0.1,-16,6,18,0
985,748.4,1.5,745.9,0.1,0,21,21,1
986,766.4,1.5,763.9,0.1,-10,9,15,0
987,755.5,1.9,752.7,0.1,-10,4,15,0
988,765.5,1.8,762.8,0.1,-18,7,7,1
989,770.1,1.7,767.5,0.2,-6,6,3,0
990,821.9,1.8,818.6,0.3,-10,23,10,0
991,796.6,2,793.8,0.1,-12,11,5,0
992,768.2,1.8,765.6,0.1,22,22,22,1
993,798.4,1.5,795.8,0.1,-12,0,1,0
994,783,2,779.8,0.1,30,8,8,1
995,760.8,1.6,758.4,0.2,-10,4,19,0
996,760.7,1.9,758,0.1,-14,8,12,0
997,764.8,1.7,762.4,0.1,0,13,9,0
998,763.7,1.6,761.2,0.2,4,10,9,0
999,746.7,1.6,744.2,0.1,16,9,9,1
